Date,Region,Product,Sales,Quantity,Discount,Category
2023-01-02,South,Product C,1613.42,7,0.01,Clothing
2023-01-03,East,Product B,1014.89,5,0.22,Grocery
2023-01-03,North,Product B,322.89,1,0.03,Furniture
2023-01-04,North,Product C,337.85,13,0.09,Grocery
2023-01-04,North,Product C,1402.57,18,0.0,Grocery
2023-01-05,North,Product C,917.58,13,0.2,Clothing
2023-01-05,West,Product D,481.0,18,0.05,Grocery
2023-01-06,North,Product B,1034.03,5,0.2,Clothing
2023-01-06,West,Product D,222.0,13,0.3,Electronics
2023-01-07,West,Product D,1205.75,4,0.02,Electronics
2023-01-07,North,Product C,611.09,17,0.02,Clothing
2023-01-08,North,Product C,1615.36,3,0.1,Electronics
2023-01-09,South,Product A,689.69,17,0.26,Furniture
2023-01-09,East,Product A,964.92,11,0.06,Grocery
2023-01-10,North,Product D,122.08,20,0.11,Furniture
2023-01-10,South,Product B,237.65,4,0.02,Grocery
2023-01-10,South,Product C,845.74,2,0.23,Electronics
2023-01-12,East,Product C,1011.88,20,0.12,Furniture
2023-01-12,West,Product D,1240.04,16,0.23,Electronics
2023-01-13,North,Product A,654.16,18,0.27,Grocery
2023-01-14,East,Product B,1420.47,8,0.07,Clothing
2023-01-14,North,Product A,1734.23,3,0.24,Clothing
2023-01-14,South,Product A,1581.72,9,0.02,Furniture
2023-01-15,South,Product A,175.28,20,0.27,Electronics
2023-01-15,West,Product A,1012.96,6,0.2,Electronics
2023-01-16,South,Product C,299.37,10,0.26,Furniture
2023-01-17,South,Product C,559.89,10,0.0,Clothing
2023-01-17,East,Product A,1974.66,13,0.05,Grocery
2023-01-17,North,Product B,370.74,17,0.12,Furniture
2023-01-17,North,Product D,1047.89,9,0.11,Grocery
2023-01-17,East,Product B,1274.5,17,0.07,Clothing
2023-01-19,West,Product B,1434.68,9,0.11,Electronics
2023-01-19,North,Product B,1163.33,9,0.04,Clothing
2023-01-21,South,Product A,118.56,1,0.12,Furniture
2023-01-21,North,Product C,720.28,2,0.24,Electronics
2023-01-22,South,Product B,1083.65,16,0.14,Furniture
2023-01-24,West,Product A,266.95,1,0.01,Furniture
2023-01-24,East,Product B,766.19,10,0.13,Clothing
2023-01-26,North,Product B,163.09,18,0.01,Furniture
2023-01-26,East,Product A,249.3,8,0.29,Clothing
2023-01-26,North,Product C,854.15,11,0.04,Electronics
2023-01-27,South,Product C,352.16,2,0.21,Clothing
2023-01-27,East,Product D,1178.33,8,0.29,Electronics
2023-01-27,North,Product A,1409.98,8,0.25,Clothing
2023-01-28,South,Product D,1621.11,17,0.21,Grocery
2023-01-29,East,Product D,480.29,15,0.25,Grocery
2023-01-29,East,Product D,418.22,17,0.29,Furniture
2023-01-29,North,Product C,298.68,13,0.19,Clothing
2023-01-30,North,Product A,1309.22,19,0.17,Clothing
2023-01-31,North,Product D,1442.3,5,0.19,Electronics
2023-01-31,South,Product A,160.01,12,0.16,Furniture
2023-01-31,North,Product A,1878.8,1,0.19,Clothing
2023-01-31,East,Product C,198.75,5,0.13,Furniture
2023-02-01,East,Product D,1128.46,8,0.07,Grocery
2023-02-02,North,Product D,1447.21,13,0.04,Clothing
2023-02-02,North,Product A,1754.84,8,0.02,Clothing
2023-02-03,West,Product B,1456.77,11,0.08,Furniture
2023-02-03,East,Product C,1623.28,1,0.01,Clothing
2023-02-03,South,Product C,744.96,13,0.17,Furniture
2023-02-04,West,Product C,1648.17,19,0.09,Clothing
2023-02-04,North,Product C,252.22,3,0.25,Electronics
2023-02-04,North,Product D,1800.15,17,0.02,Furniture
2023-02-05,East,Product D,1140.43,5,0.07,Clothing
2023-02-05,North,Product B,1652.87,20,0.22,Grocery
2023-02-05,South,Product C,959.4,8,0.18,Clothing
2023-02-06,East,Product C,1322.8,14,0.02,Grocery
2023-02-06,North,Product A,1100.17,4,0.26,Grocery
2023-02-06,East,Product D,1490.02,11,0.26,Electronics
2023-02-07,North,Product C,255.1,20,0.1,Furniture
2023-02-09,North,Product B,214.67,15,0.1,Clothing
2023-02-10,North,Product B,569.5,19,0.3,Electronics
2023-02-10,South,Product D,403.13,7,0.19,Clothing
2023-02-11,South,Product B,1756.39,19,0.16,Grocery
2023-02-12,East,Product B,516.51,19,0.25,Furniture
2023-02-12,North,Product D,1954.14,11,0.09,Clothing
2023-02-12,North,Product C,740.1,5,0.13,Clothing
2023-02-12,South,Product C,446.02,5,0.08,Grocery
2023-02-13,North,Product B,1600.43,8,0.24,Clothing
2023-02-13,South,Product B,1351.54,10,0.17,Clothing
2023-02-13,North,Product C,1046.57,6,0.2,Grocery
2023-02-13,East,Product D,1155.19,15,0.08,Electronics
2023-02-14,North,Product B,1466.48,16,0.07,Grocery
2023-02-16,North,Product A,534.06,17,0.15,Electronics
2023-02-20,West,Product D,1993.03,8,0.22,Furniture
2023-02-20,South,Product B,1952.11,8,0.16,Electronics
2023-02-20,North,Product B,1335.62,9,0.01,Electronics
2023-02-21,North,Product A,479.13,2,0.26,Furniture
2023-02-22,West,Product A,1392.43,15,0.02,Electronics
2023-02-22,West,Product C,237.18,18,0.29,Grocery
2023-02-26,South,Product D,158.24,3,0.01,Electronics
2023-02-26,West,Product D,589.6,17,0.21,Furniture
2023-02-26,East,Product C,978.98,4,0.02,Grocery
2023-02-28,West,Product D,1749.72,4,0.27,Furniture
2023-02-28,East,Product D,1481.62,14,0.14,Furniture
2023-02-28,South,Product D,1511.14,9,0.04,Clothing
2023-03-01,South,Product D,908.44,9,0.1,Clothing
2023-03-03,South,Product D,757.28,18,0.05,Furniture
2023-03-04,South,Product A,804.97,10,0.05,Furniture
2023-03-05,South,Product D,1976.53,4,0.28,Furniture
2023-03-05,East,Product A,176.21,12,0.13,Clothing
2023-03-05,East,Product D,1747.36,8,0.24,Clothing
2023-03-06,South,Product C,1199.48,2,0.19,Electronics
2023-03-06,West,Product B,933.37,13,0.2,Electronics
2023-03-08,North,Product A,1477.99,16,0.04,Furniture
2023-03-08,South,Product D,1024.67,2,0.07,Grocery
2023-03-09,West,Product C,1759.5,11,0.24,Grocery
2023-03-09,North,Product B,1811.33,10,0.29,Clothing
2023-03-09,South,Product A,901.27,15,0.08,Clothing
2023-03-10,South,Product B,625.97,17,0.08,Clothing
2023-03-13,East,Product C,1225.47,8,0.14,Furniture
2023-03-13,North,Product A,1833.49,18,0.3,Grocery
2023-03-13,North,Product B,500.26,9,0.08,Electronics
2023-03-14,West,Product D,1283.64,8,0.12,Furniture
2023-03-14,East,Product A,1299.96,14,0.27,Electronics
2023-03-19,East,Product B,1492.91,18,0.0,Electronics
2023-03-20,East,Product C,349.98,20,0.01,Furniture
2023-03-22,East,Product C,1460.07,20,0.18,Electronics
2023-03-23,North,Product A,1827.16,12,0.27,Grocery
2023-03-23,North,Product B,441.4,19,0.07,Electronics
2023-03-24,South,Product A,551.33,14,0.14,Grocery
2023-03-24,South,Product A,1945.65,17,0.14,Grocery
2023-03-25,East,Product B,443.86,3,0.14,Grocery
2023-03-28,East,Product B,1723.33,7,0.19,Clothing
2023-03-28,East,Product D,1035.33,17,0.14,Electronics
2023-03-29,South,Product B,569.74,12,0.13,Furniture
2023-03-30,West,Product C,1754.42,9,0.14,Furniture
2023-03-30,West,Product A,946.08,15,0.18,Electronics
2023-03-30,South,Product A,1078.15,18,0.16,Clothing
2023-04-01,South,Product C,782.54,13,0.26,Clothing
2023-04-01,South,Product B,1226.61,8,0.01,Grocery
2023-04-02,South,Product C,410.7,14,0.25,Electronics
2023-04-02,South,Product C,843.05,8,0.25,Electronics
2023-04-04,South,Product D,1941.88,14,0.09,Furniture
2023-04-05,East,Product C,590.45,7,0.14,Electronics
2023-04-07,East,Product A,1347.8,12,0.13,Clothing
2023-04-09,East,Product C,717.86,11,0.07,Electronics
2023-04-09,East,Product A,1569.6,11,0.12,Furniture
2023-04-11,South,Product A,348.66,13,0.01,Grocery
2023-04-12,West,Product A,1942.66,18,0.08,Furniture
2023-04-12,North,Product B,962.2,2,0.25,Furniture
2023-04-13,South,Product D,548.5,15,0.09,Grocery
2023-04-13,North,Product A,239.64,20,0.25,Furniture
2023-04-13,West,Product A,422.54,18,0.16,Furniture
2023-04-13,East,Product B,1087.57,15,0.26,Electronics
2023-04-13,West,Product A,740.31,19,0.17,Electronics
2023-04-14,South,Product C,1674.88,12,0.01,Grocery
2023-04-14,East,Product C,918.69,13,0.2,Electronics
2023-04-15,South,Product D,572.56,11,0.01,Electronics
2023-04-16,East,Product A,1272.58,5,0.14,Furniture
2023-04-17,North,Product B,1442.88,1,0.28,Clothing
2023-04-17,North,Product C,417.38,3,0.05,Electronics
2023-04-17,North,Product B,418.48,19,0.12,Clothing
2023-04-17,West,Product B,169.68,7,0.22,Electronics
2023-04-18,South,Product C,1499.16,12,0.26,Electronics
2023-04-20,West,Product B,1361.23,15,0.2,Grocery
2023-04-21,North,Product C,1001.8,5,0.08,Grocery
2023-04-21,South,Product B,1703.92,15,0.2,Grocery
2023-04-24,North,Product C,1630.77,8,0.09,Clothing
2023-04-24,West,Product A,1212.17,10,0.22,Furniture
2023-04-25,West,Product D,1749.72,16,0.29,Electronics
2023-04-26,West,Product C,491.1,8,0.22,Electronics
2023-04-26,North,Product C,312.65,1,0.26,Electronics
2023-04-27,South,Product D,612.52,12,0.0,Clothing
2023-04-27,South,Product C,208.47,5,0.22,Grocery
2023-04-27,North,Product C,1109.22,3,0.25,Furniture
2023-04-27,South,Product B,1879.55,1,0.01,Clothing
2023-04-28,North,Product D,174.75,4,0.26,Grocery
2023-04-28,South,Product A,332.01,8,0.08,Clothing
2023-04-29,East,Product C,959.18,3,0.2,Furniture
2023-04-29,East,Product D,1874.36,10,0.24,Grocery
2023-04-29,West,Product B,700.7,2,0.2,Clothing
2023-04-30,East,Product A,1063.75,11,0.03,Furniture
2023-05-01,East,Product D,178.99,10,0.18,Electronics
2023-05-03,East,Product A,381.85,14,0.16,Furniture
2023-05-04,North,Product A,1974.6,7,0.27,Electronics
2023-05-04,East,Product A,1933.73,2,0.12,Clothing
2023-05-05,East,Product C,109.39,9,0.1,Grocery
2023-05-05,West,Product C,1908.44,16,0.22,Grocery
2023-05-08,East,Product B,1314.33,13,0.12,Clothing
2023-05-08,East,Product B,1749.04,9,0.19,Grocery
2023-05-09,South,Product D,964.01,20,0.19,Grocery
2023-05-10,West,Product B,1079.63,4,0.27,Electronics
2023-05-10,West,Product A,1028.81,10,0.18,Clothing
2023-05-11,West,Product A,1367.04,12,0.15,Furniture
2023-05-11,West,Product C,365.34,17,0.04,Electronics
2023-05-12,West,Product A,156.95,14,0.03,Clothing
2023-05-13,West,Product D,685.07,14,0.05,Electronics
2023-05-14,North,Product A,1438.89,2,0.05,Furniture
2023-05-14,East,Product A,483.52,20,0.19,Furniture
2023-05-14,West,Product D,1379.52,11,0.22,Clothing
2023-05-15,East,Product B,1942.83,16,0.16,Furniture
2023-05-15,East,Product B,278.41,19,0.25,Electronics
2023-05-16,North,Product D,1377.94,6,0.3,Furniture
2023-05-17,West,Product C,943.13,19,0.25,Electronics
2023-05-17,South,Product A,1749.47,5,0.21,Electronics
2023-05-17,North,Product D,436.58,4,0.16,Furniture
2023-05-17,South,Product A,1415.99,15,0.13,Clothing
2023-05-17,East,Product C,1692.42,4,0.03,Grocery
2023-05-17,East,Product A,1894.77,20,0.12,Furniture
2023-05-21,North,Product D,1398.17,10,0.27,Electronics
2023-05-21,North,Product A,1044.63,3,0.24,Electronics
2023-05-21,South,Product B,1273.91,5,0.06,Furniture
2023-05-22,West,Product C,1750.92,6,0.14,Clothing
2023-05-22,South,Product C,1184.16,8,0.25,Clothing
2023-05-22,North,Product C,157.74,7,0.02,Electronics
2023-05-24,South,Product D,1868.8,10,0.12,Electronics
2023-05-26,North,Product C,1410.1,6,0.26,Clothing
2023-05-29,South,Product B,1385.38,14,0.12,Grocery
2023-05-30,North,Product D,509.78,4,0.02,Furniture
2023-05-31,North,Product B,1351.88,13,0.16,Electronics
2023-06-01,North,Product A,848.34,20,0.26,Electronics
2023-06-02,West,Product A,1337.34,17,0.18,Clothing
2023-06-04,South,Product A,302.53,7,0.07,Furniture
2023-06-05,South,Product A,1349.91,4,0.12,Clothing
2023-06-05,South,Product B,1998.89,14,0.14,Furniture
2023-06-05,North,Product D,191.6,3,0.17,Furniture
2023-06-06,South,Product D,1956.63,5,0.23,Furniture
2023-06-07,South,Product C,873.13,16,0.03,Electronics
2023-06-07,North,Product B,1754.43,20,0.27,Grocery
2023-06-09,East,Product A,1586.53,4,0.0,Clothing
2023-06-10,North,Product B,1177.33,2,0.11,Grocery
2023-06-10,South,Product C,1503.05,18,0.01,Clothing
2023-06-13,North,Product C,1769.18,19,0.12,Furniture
2023-06-15,East,Product B,867.87,19,0.16,Electronics
2023-06-15,North,Product B,721.36,17,0.15,Grocery
2023-06-16,South,Product B,1368.43,14,0.05,Electronics
2023-06-16,East,Product D,1634.91,19,0.19,Clothing
2023-06-18,West,Product A,1548.34,13,0.01,Electronics
2023-06-19,South,Product B,1615.85,12,0.23,Electronics
2023-06-20,East,Product B,927.61,6,0.28,Grocery
2023-06-21,East,Product B,1653.89,4,0.1,Furniture
2023-06-22,West,Product C,328.4,19,0.16,Electronics
2023-06-22,North,Product C,1134.53,16,0.11,Furniture
2023-06-28,North,Product D,110.94,13,0.0,Clothing
2023-06-28,South,Product A,716.71,4,0.12,Electronics
2023-06-29,West,Product D,796.28,17,0.24,Grocery
2023-06-29,North,Product A,852.73,1,0.18,Clothing
2023-06-29,West,Product C,1421.39,18,0.03,Clothing
2023-06-29,North,Product C,838.26,20,0.25,Grocery
2023-06-30,East,Product C,952.52,17,0.16,Electronics
2023-06-30,North,Product D,551.33,15,0.25,Electronics
2023-07-02,West,Product B,809.18,11,0.17,Clothing
2023-07-02,East,Product B,531.81,13,0.17,Electronics
2023-07-02,East,Product C,239.07,1,0.03,Furniture
2023-07-03,East,Product B,1246.55,17,0.05,Grocery
2023-07-03,West,Product B,1369.6,6,0.29,Furniture
2023-07-05,South,Product D,1277.03,4,0.07,Electronics
2023-07-05,South,Product A,980.64,20,0.29,Clothing
2023-07-06,South,Product C,821.59,16,0.16,Grocery
2023-07-06,West,Product C,1740.33,15,0.04,Electronics
2023-07-07,East,Product D,1086.26,15,0.03,Electronics
2023-07-07,South,Product D,1010.45,6,0.06,Clothing
2023-07-08,West,Product B,148.72,15,0.28,Clothing
2023-07-08,South,Product C,748.37,14,0.12,Furniture
2023-07-09,North,Product A,822.37,11,0.12,Grocery
2023-07-10,South,Product D,857.76,7,0.09,Grocery
2023-07-10,South,Product A,1202.33,9,0.04,Clothing
2023-07-10,East,Product A,1113.84,16,0.15,Furniture
2023-07-11,West,Product C,1255.02,5,0.04,Grocery
2023-07-12,East,Product C,1553.28,20,0.25,Clothing
2023-07-12,East,Product D,1644.67,10,0.11,Electronics
2023-07-13,East,Product C,1464.43,18,0.11,Grocery
2023-07-15,East,Product C,1915.5,3,0.14,Furniture
2023-07-16,East,Product C,134.64,13,0.13,Furniture
2023-07-16,South,Product A,471.98,11,0.3,Furniture
2023-07-17,East,Product D,114.37,17,0.16,Electronics
2023-07-17,East,Product B,1330.2,13,0.03,Grocery
2023-07-18,West,Product A,1806.26,6,0.18,Grocery
2023-07-19,North,Product C,562.62,17,0.05,Electronics
2023-07-19,South,Product A,1861.37,13,0.01,Grocery
2023-07-19,South,Product C,214.51,19,0.29,Electronics
2023-07-20,South,Product C,1875.43,19,0.23,Electronics
2023-07-21,East,Product A,768.08,10,0.29,Electronics
2023-07-21,East,Product D,292.7,3,0.14,Furniture
2023-07-22,East,Product C,1023.16,14,0.16,Grocery
2023-07-22,West,Product D,587.88,19,0.05,Electronics
2023-07-23,North,Product B,641.26,5,0.07,Grocery
2023-07-24,East,Product C,683.85,5,0.25,Furniture
2023-07-26,North,Product D,1625.75,20,0.11,Electronics
2023-07-27,West,Product D,1124.41,17,0.25,Clothing
2023-07-28,South,Product B,691.48,10,0.21,Furniture
2023-07-29,East,Product D,1259.63,5,0.05,Clothing
2023-07-29,North,Product D,1460.69,4,0.15,Grocery
2023-07-30,North,Product B,617.99,6,0.2,Grocery
2023-08-01,East,Product C,885.74,4,0.07,Furniture
2023-08-01,South,Product D,331.58,7,0.25,Grocery
2023-08-01,South,Product D,444.18,7,0.16,Clothing
2023-08-02,South,Product D,1394.12,18,0.05,Electronics
2023-08-04,West,Product A,444.73,3,0.17,Electronics
2023-08-04,North,Product B,1097.81,1,0.3,Electronics
2023-08-04,North,Product A,1447.19,4,0.05,Furniture
2023-08-06,North,Product B,303.07,6,0.25,Grocery
2023-08-06,West,Product C,1177.89,9,0.06,Clothing
2023-08-07,North,Product C,587.47,14,0.23,Grocery
2023-08-09,West,Product D,1929.56,12,0.22,Grocery
2023-08-10,South,Product B,1018.74,20,0.09,Grocery
2023-08-10,East,Product C,1631.39,4,0.1,Electronics
2023-08-11,North,Product B,1145.43,12,0.24,Clothing
2023-08-11,North,Product C,182.48,10,0.14,Clothing
2023-08-12,South,Product A,1302.99,7,0.22,Grocery
2023-08-13,East,Product C,1907.67,3,0.04,Electronics
2023-08-14,West,Product A,1243.06,14,0.26,Electronics
2023-08-14,East,Product C,1656.46,10,0.21,Clothing
2023-08-15,South,Product D,1779.99,16,0.27,Electronics
2023-08-15,South,Product A,533.35,16,0.04,Electronics
2023-08-16,East,Product C,502.89,10,0.18,Electronics
2023-08-17,West,Product D,1260.86,13,0.18,Furniture
2023-08-17,West,Product A,880.95,6,0.11,Grocery
2023-08-18,North,Product D,1695.74,12,0.14,Clothing
2023-08-18,West,Product B,1810.04,9,0.01,Clothing
2023-08-18,East,Product B,771.5,13,0.22,Furniture
2023-08-19,South,Product A,550.05,4,0.16,Grocery
2023-08-19,North,Product C,1583.0,11,0.02,Clothing
2023-08-19,North,Product A,622.13,20,0.2,Electronics
2023-08-19,South,Product D,1662.97,18,0.14,Clothing
2023-08-20,West,Product C,905.1,11,0.01,Electronics
2023-08-20,South,Product B,1368.34,4,0.29,Furniture
2023-08-21,West,Product C,281.52,18,0.28,Electronics
2023-08-21,South,Product B,1285.33,1,0.15,Clothing
2023-08-22,East,Product C,958.36,7,0.03,Clothing
2023-08-22,West,Product C,1214.56,6,0.23,Clothing
2023-08-23,East,Product C,419.23,15,0.15,Furniture
2023-08-23,North,Product D,1500.06,18,0.09,Furniture
2023-08-23,South,Product D,1739.31,11,0.15,Grocery
2023-08-25,North,Product A,511.81,20,0.16,Clothing
2023-08-25,North,Product A,281.86,15,0.17,Electronics
2023-08-25,North,Product B,144.91,16,0.13,Furniture
2023-08-26,North,Product D,1319.75,7,0.18,Clothing
2023-08-28,South,Product B,1253.48,10,0.28,Clothing
2023-08-28,North,Product A,1138.73,12,0.11,Furniture
2023-08-29,South,Product B,540.7,14,0.22,Grocery
2023-08-29,South,Product A,842.72,5,0.27,Furniture
2023-08-30,East,Product D,1229.51,18,0.14,Furniture
2023-08-30,West,Product C,1043.86,5,0.13,Electronics
2023-09-02,West,Product D,1976.79,3,0.18,Electronics
2023-09-02,South,Product B,359.24,5,0.18,Grocery
2023-09-04,East,Product B,1420.77,17,0.24,Clothing
2023-09-06,South,Product D,868.21,19,0.14,Furniture
2023-09-07,South,Product D,913.58,19,0.3,Grocery
2023-09-09,South,Product A,1463.44,12,0.02,Electronics
2023-09-09,East,Product B,1415.63,9,0.0,Furniture
2023-09-11,West,Product B,1983.39,1,0.19,Clothing
2023-09-11,East,Product D,343.95,18,0.09,Electronics
2023-09-11,North,Product C,297.81,4,0.07,Electronics
2023-09-11,East,Product B,1476.24,10,0.09,Electronics
2023-09-11,East,Product C,1198.94,7,0.08,Grocery
2023-09-13,East,Product D,620.91,1,0.01,Clothing
2023-09-13,East,Product D,250.9,17,0.29,Furniture
2023-09-13,West,Product A,262.75,2,0.07,Grocery
2023-09-13,North,Product B,1798.96,11,0.22,Grocery
2023-09-14,West,Product C,464.55,9,0.23,Grocery
2023-09-15,West,Product A,714.41,7,0.28,Electronics
2023-09-15,East,Product B,530.65,17,0.01,Clothing
2023-09-15,South,Product A,774.49,17,0.26,Grocery
2023-09-17,South,Product D,231.91,2,0.16,Furniture
2023-09-17,West,Product B,1086.21,6,0.19,Clothing
2023-09-18,West,Product A,228.46,14,0.19,Furniture
2023-09-20,East,Product A,1620.68,6,0.25,Clothing
2023-09-22,West,Product C,544.05,2,0.1,Furniture
2023-09-22,East,Product A,1126.02,1,0.22,Electronics
2023-09-23,South,Product B,1772.15,10,0.16,Grocery
2023-09-23,South,Product B,1336.67,5,0.24,Furniture
2023-09-23,North,Product C,1112.62,2,0.3,Clothing
2023-09-24,South,Product B,716.23,16,0.06,Grocery
2023-09-25,West,Product D,732.7,2,0.3,Grocery
2023-09-26,South,Product B,1372.03,10,0.03,Clothing
2023-09-27,East,Product B,1988.86,2,0.0,Furniture
2023-09-29,South,Product A,1357.49,16,0.01,Electronics
2023-09-29,North,Product A,1159.79,16,0.1,Electronics
2023-10-01,South,Product B,1488.24,19,0.19,Furniture
2023-10-01,East,Product C,983.89,7,0.02,Grocery
2023-10-01,East,Product A,214.27,12,0.0,Grocery
2023-10-02,West,Product C,1168.36,15,0.28,Grocery
2023-10-02,South,Product B,1919.49,8,0.25,Grocery
2023-10-03,East,Product B,433.08,6,0.24,Furniture
2023-10-03,North,Product D,1411.01,10,0.27,Grocery
2023-10-04,West,Product A,481.77,3,0.21,Clothing
2023-10-05,North,Product B,1118.07,19,0.03,Grocery
2023-10-05,South,Product D,283.69,17,0.12,Electronics
2023-10-08,South,Product A,955.7,7,0.22,Grocery
2023-10-08,South,Product B,1536.71,20,0.08,Furniture
2023-10-08,West,Product B,760.39,4,0.21,Electronics
2023-10-09,East,Product A,1363.33,14,0.01,Furniture
2023-10-10,West,Product A,1611.35,20,0.09,Furniture
2023-10-10,North,Product A,1861.64,15,0.16,Electronics
2023-10-10,West,Product B,545.82,8,0.19,Furniture
2023-10-11,North,Product B,858.7,15,0.17,Furniture
2023-10-13,West,Product D,389.59,20,0.21,Grocery
2023-10-15,East,Product C,1985.72,14,0.0,Clothing
2023-10-16,North,Product A,1861.3,9,0.03,Furniture
2023-10-17,South,Product B,1125.92,8,0.26,Furniture
2023-10-17,South,Product B,1699.86,17,0.2,Furniture
2023-10-17,West,Product A,1089.82,2,0.03,Grocery
2023-10-18,South,Product C,1284.81,3,0.25,Clothing
2023-10-19,North,Product A,269.34,8,0.07,Electronics
2023-10-20,South,Product C,1535.01,12,0.14,Grocery
2023-10-20,East,Product B,342.66,1,0.04,Grocery
2023-10-21,East,Product C,1669.53,10,0.21,Clothing
2023-10-21,West,Product D,1585.85,20,0.2,Clothing
2023-10-22,North,Product B,1446.61,3,0.06,Grocery
2023-10-22,East,Product D,168.7,6,0.26,Electronics
2023-10-22,East,Product A,675.94,7,0.12,Grocery
2023-10-22,North,Product A,599.91,20,0.09,Clothing
2023-10-23,South,Product A,784.26,18,0.05,Electronics
2023-10-24,South,Product C,266.52,11,0.08,Clothing
2023-10-24,West,Product B,1880.22,19,0.01,Electronics
2023-10-25,South,Product A,1152.22,5,0.17,Furniture
2023-10-25,North,Product A,680.5,19,0.25,Clothing
2023-10-27,East,Product B,854.26,11,0.16,Clothing
2023-10-27,South,Product A,949.68,12,0.07,Grocery
2023-10-28,West,Product D,1241.13,10,0.01,Clothing
2023-10-29,South,Product B,1079.79,8,0.06,Clothing
2023-10-31,North,Product B,1846.84,9,0.12,Furniture
2023-11-01,West,Product B,1044.23,4,0.23,Clothing
2023-11-01,South,Product D,1985.1,5,0.06,Furniture
2023-11-04,West,Product B,1717.71,8,0.22,Furniture
2023-11-06,North,Product D,496.17,9,0.26,Furniture
2023-11-06,East,Product B,1868.13,15,0.14,Furniture
2023-11-07,North,Product C,321.1,15,0.25,Electronics
2023-11-08,North,Product A,1653.15,16,0.17,Grocery
2023-11-08,North,Product C,823.18,14,0.19,Electronics
2023-11-09,North,Product A,1768.15,8,0.16,Clothing
2023-11-10,East,Product D,1749.31,18,0.14,Electronics
2023-11-11,East,Product C,1631.26,10,0.07,Electronics
2023-11-12,West,Product B,1601.06,20,0.09,Clothing
2023-11-12,South,Product A,678.89,6,0.09,Clothing
2023-11-13,East,Product A,253.75,12,0.17,Clothing
2023-11-14,East,Product C,865.66,2,0.04,Electronics
2023-11-16,South,Product D,429.7,7,0.28,Electronics
2023-11-16,East,Product C,1420.41,16,0.22,Clothing
2023-11-16,North,Product D,757.59,3,0.12,Grocery
2023-11-19,North,Product D,1953.66,13,0.05,Grocery
2023-11-19,South,Product A,1317.85,3,0.26,Furniture
2023-11-20,West,Product C,1662.71,18,0.25,Clothing
2023-11-20,West,Product C,351.8,11,0.22,Furniture
2023-11-21,South,Product D,1737.83,8,0.08,Grocery
2023-11-21,South,Product C,1853.24,6,0.12,Furniture
2023-11-21,North,Product B,1025.42,1,0.03,Clothing
2023-11-21,West,Product B,1251.88,1,0.06,Clothing
2023-11-22,East,Product C,1553.14,8,0.23,Clothing
2023-11-22,North,Product C,432.19,5,0.21,Electronics
2023-11-23,South,Product D,1054.88,16,0.18,Furniture
2023-11-23,West,Product B,857.46,11,0.27,Grocery
2023-11-23,East,Product B,378.11,5,0.17,Grocery
2023-11-24,East,Product A,798.32,4,0.14,Grocery
2023-11-24,North,Product D,229.53,6,0.1,Electronics
2023-11-25,West,Product A,149.04,14,0.28,Electronics
2023-11-25,West,Product B,356.82,19,0.02,Clothing
2023-11-26,South,Product D,1929.92,9,0.28,Grocery
2023-11-26,West,Product C,1144.11,12,0.25,Electronics
2023-11-26,West,Product D,1935.06,11,0.04,Clothing
2023-11-27,North,Product C,921.75,14,0.17,Grocery
2023-11-27,West,Product C,692.45,16,0.26,Furniture
2023-11-27,East,Product D,1061.67,1,0.17,Clothing
2023-11-29,North,Product C,935.07,13,0.27,Electronics
2023-11-30,North,Product A,300.76,13,0.28,Electronics
2023-12-02,South,Product B,1317.57,2,0.13,Clothing
2023-12-03,West,Product C,510.47,4,0.11,Clothing
2023-12-04,South,Product A,1277.22,6,0.28,Electronics
2023-12-05,East,Product C,1335.38,5,0.2,Furniture
2023-12-05,North,Product B,388.85,3,0.03,Grocery
2023-12-07,North,Product A,216.56,1,0.01,Furniture
2023-12-07,North,Product B,1583.45,4,0.17,Clothing
2023-12-08,East,Product B,973.62,20,0.28,Furniture
2023-12-09,East,Product A,210.51,2,0.25,Electronics
2023-12-09,South,Product A,1990.25,5,0.2,Clothing
2023-12-09,South,Product A,209.78,3,0.04,Grocery
2023-12-10,South,Product D,1420.57,9,0.08,Electronics
2023-12-11,West,Product A,1968.99,20,0.26,Electronics
2023-12-12,North,Product A,554.44,6,0.05,Grocery
2023-12-12,North,Product A,370.27,18,0.08,Grocery
2023-12-12,South,Product A,330.63,6,0.04,Furniture
2023-12-13,North,Product C,676.22,19,0.2,Clothing
2023-12-13,South,Product D,291.99,12,0.28,Grocery
2023-12-14,West,Product B,1415.11,11,0.08,Grocery
2023-12-14,West,Product A,218.35,2,0.14,Clothing
2023-12-16,East,Product C,1067.9,15,0.19,Grocery
2023-12-17,West,Product C,1993.72,12,0.3,Grocery
2023-12-17,South,Product C,1646.54,12,0.03,Furniture
2023-12-17,West,Product B,1268.92,9,0.15,Electronics
2023-12-17,East,Product A,681.88,2,0.12,Electronics
2023-12-17,North,Product D,1285.4,3,0.26,Electronics
2023-12-18,South,Product D,1101.38,12,0.14,Electronics
2023-12-18,North,Product C,909.56,16,0.03,Grocery
2023-12-19,East,Product B,348.35,1,0.19,Clothing
2023-12-19,East,Product B,1784.55,3,0.23,Clothing
2023-12-20,East,Product B,954.59,20,0.0,Furniture
2023-12-20,North,Product D,469.78,2,0.26,Furniture
2023-12-20,North,Product C,798.74,9,0.06,Grocery
2023-12-21,North,Product A,886.85,19,0.17,Clothing
2023-12-21,North,Product D,1672.32,15,0.12,Clothing
2023-12-22,East,Product C,1493.87,18,0.22,Electronics
2023-12-25,East,Product C,1561.68,11,0.11,Grocery
2023-12-25,South,Product A,120.96,16,0.26,Grocery
2023-12-25,South,Product A,890.69,17,0.22,Electronics
2023-12-26,North,Product A,1014.55,5,0.19,Grocery
2023-12-26,West,Product B,136.47,12,0.24,Grocery
2023-12-27,West,Product A,593.65,11,0.23,Furniture
2023-12-27,East,Product C,1544.55,15,0.01,Clothing
2023-12-28,East,Product A,360.51,3,0.12,Grocery
